{"cameraMode":{"drawMode":0,"name":"Shaded","section":"Shading Mode"},"sceneLighting":true,"audioPlay":false,"sceneViewState":{"m_AlwaysRefresh":false,"showFog":true,"showSkybox":true,"showFlares":true,"showImageEffects":true,"showParticleSystems":true,"showVisualEffectGraphs":true,"m_FxEnabled":true},"in2DMode":false,"pivot":{"x":-4.805419921875,"y":2.32094144821167,"z":0.9086419939994812},"rotation":{"x":0.00008847857679938897,"y":0.7361593246459961,"z":-0.0003346899466123432,"w":0.6773649454116821},"size":1.2247449159622193,"orthographic":false}